location_slug,location_name,threat_types,interval_count,total_duration_hours,geocode_status,query,latitude,longitude,osm_type,osm_id,place_class,place_type,importance,display_name,boundingbox,source
м_Нікополь_та_Нікопольська_територіальна_громада,м. Нікополь та Нікопольська територіальна громада,air_raid;artillery_shelling,6031,21062.720,ok,"Нікополь, Україна",47.5692061,34.3917272,relation,2318332,,city,0.5420255100167726,"Нікополь, Нікопольська міська громада, Нікопольський район, Дніпропетровська область, 53200-53239, Україна",47.5467412;47.6057135;34.2845609;34.4657153,OpenStreetMap Nominatim
Донецька_область,Донецька область,air_raid,6851,12188.932,ok,"Донецька область, Україна",47.9212914,37.7809825,relation,71973,,administrative,0.674126849640414,"Донецька область, 83000-87999, Україна",46.6876770;49.2339965;36.5419522;39.0914413,OpenStreetMap Nominatim
м_Марганець_та_Марганецька_територіальна_громада,м Марганець та Марганецька територіальна громада,artillery_shelling,1586,10902.157,ok,"Марганець, Україна",47.6490555,34.6491940,relation,2762261,,town,0.4794252209824919,"Марганець, Марганецька міська громада, Нікопольський район, Дніпропетровська область, 53400-53490, Україна",47.6106483;47.6768161;34.5381531;34.6893897,OpenStreetMap Nominatim
Харківська_область,Харківська область,air_raid,6482,8926.324,ok,"Харківська область, Україна",49.8299582,36.3788957,relation,71254,,administrative,0.660878808948466,"Харківська область, Україна",48.5311780;50.4594753;34.8563132;38.0935290,OpenStreetMap Nominatim
Сумська_область,Сумська область,air_raid,4066,7922.384,ok,"Сумська область, Україна",50.7696518,34.3289305,relation,71250,,administrative,0.6535915492507101,"Сумська область, Україна",50.1102415;52.3667139;32.9426042;35.6926624,OpenStreetMap Nominatim
Запорізька_область,Запорізька область,air_raid,6679,7321.038,ok,"Запорізька область, Україна",47.4165079,35.9229690,relation,71980,,administrative,0.6449975749949785,"Запорізька область, Україна",46.1464862;48.1449302;34.1394646;37.2486286,OpenStreetMap Nominatim
Покровська_територіальна_громада,Покровська територіальна громада,air_raid;artillery_shelling,2545,7257.310,ok,"Покровська територіальна громада, Україна",48.2653321,37.1805923,way,220519341,,department_store,5.529640650029782e-05,"Україна, Меморіальна вулиця, Південний мікрорайон, Покровськ, Покровська міська громада, Покровський район, Донецька область, 85300, Україна",48.2651266;48.2655376;37.1802851;37.1808994,OpenStreetMap Nominatim
Синельниківський_район,Синельниківський район,air_raid,1470,6309.016,ok,"Синельниківський район, Україна",48.2395358,36.0605474,relation,1738047,,administrative,0.5148939282501245,"Синельниківський район, Дніпропетровська область, Україна",47.8153599;48.6636476;35.1808447;36.9368344,OpenStreetMap Nominatim
Червоногригорівська_територіальна_громада,Червоногригорівська територіальна громада,artillery_shelling,833,6231.941,ok,"Червоногригорівська, Україна",47.6816365,34.5236882,relation,10808531,,administrative,0.3382445921771202,"Червоногригорівська селищна громада, Нікопольський район, Дніпропетровська область, Україна",47.5252732;47.8372874;34.3474875;34.6708828,OpenStreetMap Nominatim
Дніпропетровська_область,Дніпропетровська область,air_raid,5542,5394.733,ok,"Дніпропетровська область, Україна",48.6625890,34.9501715,relation,101746,,administrative,0.6585527375594266,"Дніпропетровська область, Україна",47.4566155;49.1939422;32.9595518;36.9368344,OpenStreetMap Nominatim
Полтавська_область,Полтавська область,air_raid,3987,5244.818,ok,"Полтавська область, Україна",49.8607809,33.7498787,relation,91294,,administrative,0.6580899050030937,"Полтавська область, Україна",48.7233941;50.5535118;32.0838638;35.4907973,OpenStreetMap Nominatim
Сумський_район,Сумський район,air_raid,1759,4678.068,ok,"Сумський район, Україна",50.8215478,34.7912200,relation,11795528,,administrative,0.514969537880395,"Сумський район, Сумська область, Україна",50.3670125;51.2738226;34.0131884;35.4961851,OpenStreetMap Nominatim
м_Харків_та_Харківська_територіальна_громада,м. Харків та Харківська територіальна громада,air_raid;artillery_shelling,2950,4565.129,ok,"Харків, Україна",49.9923181,36.2310146,relation,3154746,,administrative,0.7136514681582883,"Харків, Харківська міська громада, Харківський район, Харківська область, Україна",49.8784822;50.1047533;36.1055541;36.4554864,OpenStreetMap Nominatim
Чернігівська_область,Чернігівська область,air_raid;artillery_shelling,2505,4270.322,ok,"Чернігівська область, Україна",51.2725930,31.7417235,relation,71249,,administrative,0.6559422931819177,"Чернігівська область, Україна",50.3455646;52.3797464;30.4820663;33.5007160,OpenStreetMap Nominatim
Миколаївська_область,Миколаївська область,air_raid,3675,4199.290,ok,"Миколаївська область, Україна",47.3886032,31.9442334,relation,72635,,administrative,0.6296612298666827,"Миколаївська область, Україна",46.3447972;48.2322044;30.2068714;33.1836885,OpenStreetMap Nominatim
Ізюмський_район,Ізюмський район,air_raid,1747,4023.074,ok,"Ізюмський район, Україна",49.1975781,37.0714174,relation,11804002,,administrative,0.5377388289718177,"Ізюмський район, Харківська область, Україна",48.7460095;49.6497123;36.4289387;37.9584141,OpenStreetMap Nominatim
Кіровоградська_область,Кіровоградська область,air_raid,3339,3868.412,ok,"Кіровоградська область, Україна",48.1916774,31.6902953,relation,101859,,administrative,0.6298053331171416,"Кіровоградська область, Україна",47.7488944;49.2447143;29.7493056;33.8943109,OpenStreetMap Nominatim
Краматорський_район,Краматорський район,air_raid,903,3855.915,ok,"Краматорський район, Україна",48.7476967,37.4275175,relation,11978037,,administrative,0.5173197809178824,"Краматорський район, Донецька область, Україна",48.2613776;49.2339965;36.6893666;38.0985904,OpenStreetMap Nominatim
м_Запоріжжя_та_Запорізька_територіальна_громада,м. Запоріжжя та Запорізька територіальна громада,air_raid,1887,3839.540,ok,"Запоріжжя, Україна",47.8507859,35.1182867,relation,1418311,,city,0.6376594086158589,"Запоріжжя, Запорізька міська громада, Запорізький район, Запорізька область, 69000-69499, Україна",47.7526201;47.9544669;34.9866698;35.3690350,OpenStreetMap Nominatim
Херсонська_область,Херсонська область,air_raid,3569,3779.590,ok,"Херсонська область, Україна",46.5421715,33.4079326,relation,71022,,administrative,0.6328729671557304,"Херсонська область, Україна",45.7565682;47.6001940;31.1590964;35.4680391,OpenStreetMap Nominatim
Шосткинський_район,Шосткинський район,air_raid,1443,3746.763,ok,"Шосткинський район, Україна",51.9046918,33.7202369,relation,11798712,,administrative,0.489042119831733,"Шосткинський район, Сумська область, Україна",51.4425571;52.3667139;33.0785363;34.4404811,OpenStreetMap Nominatim
НовгородСіверський_район,Новгород-Сіверський район,air_raid,1093,3741.756,ok,"Новгород-Сіверський район, Україна",51.8499077,32.9947239,relation,11822257,,administrative,0.4940130006778688,"Новгород-Сіверський район, Чернігівська область, Україна",51.3201732;52.3797464;32.2219254;33.5007160,OpenStreetMap Nominatim
Харківський_район,Харківський район,air_raid,2160,3733.344,ok,"Харківський район, Україна",49.9940733,36.2299778,relation,11803997,,administrative,0.5398397479921635,"Харківський район, Харківська область, Україна",49.5815998;50.4064123;35.6546567;36.7045461,OpenStreetMap Nominatim
Бахмутський_район,Бахмутський район,air_raid,705,3709.791,ok,"Бахмутський район, Україна",48.6497546,38.0225476,relation,11970387,,administrative,0.5280955377998269,"Бахмутський район, Донецька область, Україна",48.2874193;48.9396976;37.7483797;38.3997703,OpenStreetMap Nominatim
Покровський_район,Покровський район,air_raid,672,3682.781,ok,"Покровський район, Україна",48.2039822,37.4461031,relation,11984324,,administrative,0.5289353028320963,"Покровський район, Донецька область, Україна",47.7997840;48.6094194;36.8087751;37.9600409,OpenStreetMap Nominatim
Корюківський_район,Корюківський район,air_raid,1192,3660.015,ok,"Корюківський район, Україна",51.7297727,32.2680013,relation,11809868,,administrative,0.49261058019058124,"Корюківський район, Чернігівська область, Україна",51.3481631;52.1110837;31.6355966;32.8659553,OpenStreetMap Nominatim
Волноваський_район,Волноваський район,air_raid,600,3632.518,ok,"Волноваський район, Україна",47.7161651,37.1578646,relation,11984354,,administrative,0.5222113273701312,"Волноваський район, Донецька область, Україна",47.3328714;48.1002126;36.5419522;37.9642704,OpenStreetMap Nominatim
Маріупольський_район,Маріупольський район,air_raid,582,3623.312,ok,"Маріупольський район, Україна",47.1676099,37.4026920,relation,11958110,,administrative,0.4942553661350349,"Маріупольський район, Донецька область, Україна",46.8665310;47.4686008;36.8547708;37.8847752,OpenStreetMap Nominatim
Донецький_район,Донецький район,air_raid,580,3620.286,ok,"Донецький район, Україна",47.9076011,38.2070319,relation,17937787,,administrative,0.4959272653039808,"Донецький район, Донецька область, Україна",47.6167755;48.1982358;37.5254345;38.8432118,OpenStreetMap Nominatim
Кальміуський_район,Кальміуський район,air_raid,579,3619.622,ok,"Кальміуський район, Україна",47.4729328,38.0970005,relation,17937854,,administrative,0.49415160503467365,"Кальміуський район, Донецька область, Україна",47.0222559;47.9237567;37.5091428;38.3579999,OpenStreetMap Nominatim
Горлівський_район,Горлівський район,air_raid,579,3619.599,ok,"Горлівський район, Україна",48.1719555,38.3761575,relation,17937670,,administrative,0.4909961056437225,"Горлівський район, Донецька область, Україна",47.8654397;48.4784193;37.8857329;39.0914413,OpenStreetMap Nominatim
Купянський_район,Куп’янський район,air_raid,1709,3591.781,ok,"Куп’янський район, Україна",49.8814105,37.6177087,relation,11804001,,administrative,0.5408484982619222,"Куп’янський район, Харківська область, Україна",49.4316111;50.3335198;36.9645446;38.0935290,OpenStreetMap Nominatim
Пологівський_район,Пологівський район,air_raid,1161,3560.942,ok,"Пологівський район, Україна",47.4240821,36.4483018,relation,11857109,,administrative,0.5001033752009346,"Пологівський район, Запорізька область, Україна",46.9872432;47.8508377;35.4503485;37.2486286,OpenStreetMap Nominatim
Бердянський_район,Бердянський район,air_raid,1154,3553.973,ok,"Бердянський район, Україна",46.9120891,36.5440609,relation,11857351,,administrative,0.47381736203160657,"Бердянський район, Запорізька область, Україна",46.4857292;47.3416400;35.8332271;37.1411334,OpenStreetMap Nominatim
Запорізький_район,Запорізький район,air_raid,1160,3552.961,ok,"Запорізький район, Україна",47.8247608,35.3400244,relation,11857100,,administrative,0.5049454565513362,"Запорізький район, Запорізька область, Україна",47.5047073;48.1449302;34.8019738;36.2069202,OpenStreetMap Nominatim
Василівський_район,Василівський район,air_raid,1153,3546.598,ok,"Василівський район, Україна",47.3705619,34.9357658,relation,11872898,,administrative,0.4711675122514022,"Василівський район, Запорізька область, Україна",47.0777749;47.6777461;34.1394646;35.6824906,OpenStreetMap Nominatim
Мелітопольський_район,Мелітопольський район,air_raid,1152,3546.109,ok,"Мелітопольський район, Україна",46.7331394,35.3124202,relation,11872881,,administrative,0.49921233378041,"Мелітопольський район, Запорізька область, Україна",46.2631471;47.2029090;34.5167816;36.1440619,OpenStreetMap Nominatim
Конотопський_район,Конотопський район,air_raid,1509,3460.128,ok,"Конотопський район, Україна",51.3383683,33.6817402,relation,11798645,,administrative,0.5015723249274597,"Конотопський район, Сумська область, Україна",50.9587238;51.7180098;32.9426042;34.3387985,OpenStreetMap Nominatim
Богодухівський_район,Богодухівський район,air_raid,1742,3397.402,ok,"Богодухівський район, Україна",50.0481828,35.3659782,relation,11803996,,administrative,0.5412207006978069,"Богодухівський район, Харківська область, Україна",49.6458123;50.4512366;34.8563132;36.1769618,OpenStreetMap Nominatim
Київська_область,Київська область,air_raid,1940,3298.902,ok,"Київська область, Україна",50.1785950,30.4924884,relation,71248,,administrative,0.6705525715837144,"Київська область, Україна",49.1786197;51.5531668;29.2675489;32.1610264,OpenStreetMap Nominatim
Чугуївський_район,Чугуївський район,air_raid,1771,3228.815,ok,"Чугуївський район, Україна",49.9590995,36.8900622,relation,11803999,,administrative,0.5357519256854737,"Чугуївський район, Харківська область, Україна",49.4587431;50.4594753;35.9670623;37.5354357,OpenStreetMap Nominatim
Павлоградський_район,Павлоградський район,air_raid,1423,2874.414,ok,"Павлоградський район, Україна",48.6426211,35.9118440,relation,1738040,,administrative,0.476861836423337,"Павлоградський район, Дніпропетровська область, Україна",48.2859566;48.9990133;35.5201511;36.3194280,OpenStreetMap Nominatim
Охтирський_район,Охтирський район,air_raid,1389,2834.266,ok,"Охтирський район, Україна",50.4320322,35.0469765,relation,11795830,,administrative,0.48847835278521046,"Охтирський район, Сумська область, Україна",50.1102415;50.7536018;34.3767901;35.6926624,OpenStreetMap Nominatim
Черкаська_область,Черкаська область,air_raid,2452,2821.986,ok,"Черкаська область, Україна",49.1460165,31.2271744,relation,91278,,administrative,0.6403132053806465,"Черкаська область, Україна",48.4519816;50.2286322;29.6060329;32.8961836,OpenStreetMap Nominatim
Чернігівський_район,Чернігівський район,air_raid,1206,2810.011,ok,"Чернігівський район, Україна",51.4385146,31.2062763,relation,11807410,,administrative,0.5199163997035715,"Чернігівський район, Чернігівська область, Україна",50.7324776;52.1434633;30.4820663;32.0285426,OpenStreetMap Nominatim
Лозівський_район,Лозівський район,air_raid,1381,2734.707,ok,"Лозівський район, Україна",49.0365215,36.3699400,relation,11804000,,administrative,0.5320937601963287,"Лозівський район, Харківська область, Україна",48.5311780;49.5425546;35.9399698;36.8097274,OpenStreetMap Nominatim
м_Київ,м. Київ,air_raid,2073,2452.072,ok,"м. Київ, Україна",50.3672972,30.9154123,node,6502482797,,government,5.000152590214416e-05,"ДАП ""Україна"", 2, вулиця Київський Шлях, Аеропортівський, Бориспіль, Бориспільська міська громада, Бориспільський район, Київська область, 08303, Україна",50.3672472;50.3673472;30.9153623;30.9154623,OpenStreetMap Nominatim
Одеська_область,Одеська область,air_raid,2385,2376.652,ok,"Одеська область, Україна",46.1147226,29.9567193,relation,72634,,administrative,0.6551176870201505,"Одеська область, Україна",45.0531988;48.2332855;28.2139355;31.3049776,OpenStreetMap Nominatim
Ніжинський_район,Ніжинський район,air_raid,1144,2360.115,ok,"Ніжинський район, Україна",50.9814575,31.7304170,relation,11822411,,administrative,0.5145652740402702,"Ніжинський район, Чернігівська область, Україна",50.5003676;51.4627134;31.1647196;33.0850758,OpenStreetMap Nominatim
Житомирська_область,Житомирська область,air_raid,1460,2289.488,ok,"Житомирська область, Україна",50.9080532,28.3867504,relation,71245,,administrative,0.6579311124975138,"Житомирська область, Україна",49.5836448;51.6811359;27.1864173;29.7352238,OpenStreetMap Nominatim
Нікопольський_район,Нікопольський район,air_raid,1216,2119.187,ok,"Нікопольський район, Україна",47.7506636,34.4912406,relation,1738037,,administrative,0.4890046859729573,"Нікопольський район, Дніпропетровська область, Україна",47.4746386;48.0265411;33.9272618;34.9655262,OpenStreetMap Nominatim
Роменський_район,Роменський район,air_raid,1086,2052.149,ok,"Роменський район, Україна",50.7647804,33.6763294,relation,11798623,,administrative,0.49342063745846637,"Роменський район, Сумська область, Україна",50.4584968;51.0710169;33.0490000;34.2477793,OpenStreetMap Nominatim
Полтавський_район,Полтавський район,air_raid,1263,1988.752,ok,"Полтавський район, Україна",49.5454739,34.5568252,relation,11823489,,administrative,0.521781434602205,"Полтавський район, Полтавська область, Україна",48.7233941;50.3614103;33.6675166;35.4907973,OpenStreetMap Nominatim
Вінницька_область,Вінницька область,air_raid,1477,1969.489,ok,"Вінницька область, Україна",48.8990315,28.5160680,relation,90726,,administrative,0.6567335182846158,"Вінницька область, Україна",48.0654742;49.8890807;27.3716586;30.0207736,OpenStreetMap Nominatim
Красноградський_район,Красноградський район,air_raid,1180,1872.526,ok,"Красноградський район, Україна",49.3168261,35.6553118,relation,11803998,,administrative,0.5263829964073409,"Берестинський район, Харківська область, Україна",48.9271799;49.7063421;34.9803734;36.2716821,OpenStreetMap Nominatim
Мирівська_територіальна_громада,Мирівська територіальна громада,air_raid;artillery_shelling,311,1829.895,ok,"Мирівська, Україна",47.6822425,34.7962385,relation,11944745,,administrative,0.33935777253266924,"Мирівська сільська громада, Нікопольський район, Дніпропетровська область, Україна",47.5551571;47.8092745;34.6121172;34.9593437,OpenStreetMap Nominatim
Дніпровський_район,Дніпровський район,air_raid,1294,1824.195,ok,"Дніпровський район, Україна",48.5204464,34.9683798,relation,1738025,,administrative,0.49853600555816646,"Дніпровський район, Дніпропетровська область, Україна",47.9188159;49.1228995;34.1853239;35.3139399,OpenStreetMap Nominatim
Криворізький_район,Криворізький район,air_raid,1213,1732.357,ok,"Криворізький район, Україна",47.8877981,33.5456276,relation,1738028,,administrative,0.5059359906300029,"Криворізький район, Дніпропетровська область, Україна",47.4566155;48.3185181;32.9595518;34.2378723,OpenStreetMap Nominatim
Новомосковський_район,Новомосковський район,air_raid,1037,1645.230,ok,"Новомосковський район, Україна",48.8092517,35.2881431,relation,1738036,,administrative,0.4697259166710002,"Самарівський район, Дніпропетровська область, Україна",48.4243572;49.1939422;34.6233106;35.8186269,OpenStreetMap Nominatim
Золотоніський_район,Золотоніський район,air_raid,809,1577.520,ok,"Золотоніський район, Україна",49.7739881,32.1258903,relation,1739132,,administrative,0.48491019439931043,"Золотоніський район, Черкаська область, Україна",49.3192262;50.2286322;31.6402963;32.7558946,OpenStreetMap Nominatim
Черкаський_район,Черкаський район,air_raid,810,1570.900,ok,"Черкаський район, Україна",49.4361742,31.7602711,relation,11920395,,administrative,0.5047690905538733,"Черкаський район, Черкаська область, Україна",48.8801156;49.9928543;31.0626599;32.8961836,OpenStreetMap Nominatim
Миргородський_район,Миргородський район,air_raid,1103,1501.638,ok,"Миргородський район, Україна",50.0323291,33.7921430,relation,11839126,,administrative,0.4959272653039808,"Миргородський район, Полтавська область, Україна",49.5107007;50.5535118;32.9326354;34.3909906,OpenStreetMap Nominatim
Прилуцький_район,Прилуцький район,air_raid,859,1501.437,ok,"Прилуцький район, Україна",50.7146825,32.5991597,relation,11822577,,administrative,0.5101897542530535,"Прилуцький район, Чернігівська область, Україна",50.3455646;51.0837817;31.8587741;33.2402392,OpenStreetMap Nominatim
Хмельницька_область,Хмельницька область,air_raid,1029,1414.368,ok,"Хмельницька область, Україна",49.2686240,27.0635998,relation,90742,,administrative,0.6506824478486102,"Хмельницька область, Україна",48.4510834;50.5947282;26.1327293;27.8983712,OpenStreetMap Nominatim
Камянський_район,Кам’янський район,air_raid,987,1365.712,ok,"Кам’янський район, Україна",48.4812910,34.1160828,relation,11945945,,administrative,0.47663608461708423,"Кам'янський район, Дніпропетровська область, Україна",48.0563851;48.9019481;33.4597453;34.7716041,OpenStreetMap Nominatim
Бериславський_район,Бериславський район,air_raid,906,1304.444,ok,"Бериславський район, Україна",47.1710647,33.4042631,relation,11874322,,administrative,0.48802381862418537,"Бериславський район, Херсонська область, Україна",46.7422679;47.6001940;32.9068393;34.0174719,OpenStreetMap Nominatim
Лубенський_район,Лубенський район,air_raid,978,1146.752,ok,"Лубенський район, Україна",50.0220954,32.8483705,relation,11835233,,administrative,0.498048601665106,"Лубенський район, Полтавська область, Україна",49.6131634;50.4306551;32.0838638;33.5811736,OpenStreetMap Nominatim
Звенигородський_район,Звенигородський район,air_raid,656,1090.836,ok,"Звенигородський район, Україна",49.1022969,31.0738727,relation,11954459,,administrative,0.24005000152590217,"Звенигородський район, Черкаська область, Україна",48.7191185;49.4862541;30.3913661;31.7699499,OpenStreetMap Nominatim
Херсонський_район,Херсонський район,air_raid,802,1077.396,ok,"Херсонський район, Україна",46.6355225,32.5341741,relation,11874245,,administrative,0.46520035607916294,"Херсонський район, Херсонська область, Україна",46.2658498;47.0031886;31.9274710;33.4357803,OpenStreetMap Nominatim
Рівненська_область,Рівненська область,air_raid,888,1050.227,ok,"Рівненська область, Україна",51.2074112,26.5208033,relation,71236,,administrative,0.6345576775960863,"Рівненська область, Україна",50.0040426;51.9500660;25.0841286;27.7346382,OpenStreetMap Nominatim
Кременчуцький_район,Кременчуцький район,air_raid,894,1047.202,ok,"Кременчуцький район, Україна",49.3454009,33.2229663,relation,11823799,,administrative,0.4949429371135009,"Кременчуцький район, Полтавська область, Україна",48.8797495;49.8084022;32.4617873;34.1006621,OpenStreetMap Nominatim
Вишгородський_район,Вишгородський район,air_raid,652,1045.006,ok,"Вишгородський район, Україна",51.0362007,29.9910115,relation,11892210,,administrative,0.505646209032672,"Вишгородський район, Київська область, Україна",50.5403368;51.5531668;29.2675489;30.7893080,OpenStreetMap Nominatim
Тернопільська_область,Тернопільська область,air_raid,836,974.116,ok,"Тернопільська область, Україна",49.6630002,25.6167516,relation,72525,,administrative,0.6625931784904502,"Тернопільська область, Україна",48.5074845;50.2668879;24.7161724;26.4436300,OpenStreetMap Nominatim
Уманський_район,Уманський район,air_raid,607,963.828,ok,"Уманський район, Україна",48.8935207,30.0828794,relation,11954138,,administrative,0.4855053866281575,"Уманський район, Черкаська область, Україна",48.4519816;49.3349767;29.6060329;30.6110338,OpenStreetMap Nominatim
Миколаївський_район,Миколаївський район,air_raid,952,927.674,ok,"Миколаївський район, Україна",46.9625824,31.7800240,relation,1738977,,administrative,0.4784206782562245,"Миколаївський район, Миколаївська область, Україна",46.3447972;47.5803103;31.0173839;32.6165065,OpenStreetMap Nominatim
Чернівецька_область,Чернівецька область,air_raid,745,876.642,ok,"Чернівецька область, Україна",48.3810791,26.1081673,relation,72526,,administrative,0.6167741959058326,"Чернівецька область, Україна",47.7250583;48.6757227;24.9084553;27.5342699,OpenStreetMap Nominatim
Олександрійський_район,Олександрійський район,air_raid,728,863.965,ok,"Олександрійський район, Україна",48.6694606,33.2848908,relation,11839919,,administrative,0.484670594616894,"Олександрійський район, Кіровоградська область, Україна",48.1018877;49.2447143;32.7333299;33.8943109,OpenStreetMap Nominatim
Волинська_область,Волинська область,air_raid,796,857.643,ok,"Волинська область, Україна",51.5451167,24.6627893,relation,71064,,administrative,0.6414732074948446,"Волинська область, Україна",50.2872511;51.9692650;23.6053661;26.1072604,OpenStreetMap Nominatim
Броварський_район,Броварський район,air_raid,621,850.353,ok,"Броварський район, Україна",50.4739896,31.5360893,relation,11900969,,administrative,0.4880618171945261,"Броварський район, Київська область, Україна",50.1618621;50.7861293;30.5304265;32.1019241,OpenStreetMap Nominatim
Кропивницький_район,Кропивницький район,air_raid,732,842.859,ok,"Кропивницький район, Україна",48.4162130,32.5014999,relation,11851422,,administrative,0.5197527025146059,"Кропивницький район, Кіровоградська область, Україна",47.7488944;49.0845548;31.7290654;33.2369113,OpenStreetMap Nominatim
ІваноФранківська_область,Івано-Франківська область,air_raid,738,821.954,ok,"Івано-Франківська область, Україна",48.7481718,24.5207477,relation,72488,,administrative,0.6493238205992492,"Івано-Франківська область, Україна",47.7243679;49.5477701;23.5470764;25.6530995,OpenStreetMap Nominatim
Львівська_область,Львівська область,air_raid,743,810.342,ok,"Львівська область, Україна",49.6512234,23.8266948,relation,72380,,administrative,0.6813390417459249,"Львівська область, Україна",48.7182803;50.6489605;22.6408214;25.4270223,OpenStreetMap Nominatim
Одеський_район,Одеський район,air_raid,866,797.497,ok,"Одеський район, Україна",46.5334679,30.3213673,relation,11883402,,administrative,0.49565720086294657,"Одеський район, Одеська область, Україна",46.1123670;46.9540271;29.8759653;31.1971883,OpenStreetMap Nominatim
Баштанський_район,Баштанський район,air_raid,691,760.090,ok,"Баштанський район, Україна",47.4331746,32.5541105,relation,1738966,,administrative,0.490485597781388,"Баштанський район, Миколаївська область, Україна",46.8205950;48.0484699;32.0486761;33.1836885,OpenStreetMap Nominatim
Бориспільський_район,Бориспільський район,air_raid,562,755.691,ok,"Бориспільський район, Україна",50.1631027,31.0949361,relation,11900985,,administrative,0.4885538027176859,"Бориспільський район, Київська область, Україна",49.8433268;50.4829489;30.6113333;32.1610264,OpenStreetMap Nominatim
Закарпатська_область,Закарпатська область,air_raid,663,701.651,ok,"Закарпатська область, Україна",48.2953664,23.4466092,relation,72489,,administrative,0.644144617619211,"Закарпатська область, Україна",47.8968940;49.0973238;22.1370590;24.6274681,OpenStreetMap Nominatim
БілгородДністровський_район,Білгород-Дністровський район,air_raid,647,695.359,ok,"Білгород-Дністровський район, Україна",46.0138179,29.9732420,relation,11883401,,administrative,0.4922908535955227,"Білгород-Дністровський район, Одеська область, Україна",45.5291955;46.4986546;29.3154626;30.5652364,OpenStreetMap Nominatim
Болградський_район,Болградський район,air_raid,645,694.098,ok,"Болградський район, Україна",46.0110562,29.2694744,relation,11884966,,administrative,0.4916466792136186,"Болградський район, Одеська область, Україна",45.4583772;46.5582865;28.4808577;29.6255944,OpenStreetMap Nominatim
Ізмаїльський_район,Ізмаїльський район,air_raid,645,693.860,ok,"Ізмаїльський район, Україна",45.5068979,29.1975076,relation,11821462,,administrative,0.4804572665154754,"Ізмаїльський район, Одеська область, Україна",45.2002643;45.8133408;28.2139355;30.2075328,OpenStreetMap Nominatim
м_Вознесенськ_та_Вознесенська_територіальна_громада,м. Вознесенськ та Вознесенська територіальна громада,air_raid,628,684.162,ok,"Вознесенськ, Україна",47.5679582,31.3338636,relation,3578080,,town,0.5115307211293029,"Вознесенськ, Вознесенська міська громада, Вознесенський район, Миколаївська область, 56500, Україна",47.5413329;47.6296008;31.2518227;31.3732881,OpenStreetMap Nominatim
Новоукраїнський_район,Новоукраїнський район,air_raid,600,635.016,ok,"Новоукраїнський район, Україна",48.5003433,31.3766601,relation,11851449,,administrative,0.4908506518712273,"Новоукраїнський район, Кіровоградська область, Україна",48.0502899;48.9496396;30.8079111;32.0739738,OpenStreetMap Nominatim
Бучанський_район,Бучанський район,air_raid,467,621.654,ok,"Бучанський район, Україна",50.5449137,29.8986825,relation,11913603,,administrative,0.48578130261799346,"Бучанський район, Київська область, Україна",50.2954722;50.7945430;29.4424519;30.4425788,OpenStreetMap Nominatim
Обухівський_район,Обухівський район,air_raid,473,620.000,ok,"Обухівський район, Україна",49.8792055,30.9335568,relation,11909246,,administrative,0.49898766620451795,"Обухівський район, Київська область, Україна",49.4182620;50.3404617;30.1968804;31.3801579,OpenStreetMap Nominatim
Кривоозерська_територіальна_громада,Кривоозерська територіальна громада,air_raid,639,596.163,ok,"Кривоозерська, Україна",47.9922184,30.4286473,relation,11837199,,administrative,0.2763378134411431,"Кривоозерська селищна громада, Первомайський район, Миколаївська область, Україна",47.8096397;48.1750467;30.2068714;30.6844792,OpenStreetMap Nominatim
Коростенський_район,Коростенський район,air_raid,328,576.470,ok,"Коростенський район, Україна",51.1623642,28.3447957,relation,11809205,,administrative,0.5195651176125793,"Коростенський район, Житомирська область, Україна",50.6424708;51.6811359;27.3334329;29.5851253,OpenStreetMap Nominatim
Голованівський_район,Голованівський район,air_raid,557,563.897,ok,"Голованівський район, Україна",48.4561282,30.4679377,relation,11851465,,administrative,0.47618223294525125,"Голованівський район, Кіровоградська область, Україна",48.1400216;48.7722380;29.7493056;31.2666191,OpenStreetMap Nominatim
Білоцерківський_район,Білоцерківський район,air_raid,397,523.700,ok,"Білоцерківський район, Україна",49.6479344,30.1050008,relation,11913383,,administrative,0.5109440756140949,"Білоцерківський район, Київська область, Україна",49.1786197;50.1171728;29.4351659;30.9370145,OpenStreetMap Nominatim
Фастівський_район,Фастівський район,air_raid,414,508.935,ok,"Фастівський район, Україна",50.1405425,29.9425470,relation,11913464,,administrative,0.48514892079054583,"Фастівський район, Київська область, Україна",49.8710994;50.4100969;29.6271860;30.4745829,OpenStreetMap Nominatim
Генічеський_район,Генічеський район,air_raid,380,508.225,ok,"Генічеський район, Україна",46.4284953,34.5760512,relation,11795653,,administrative,0.48554487444011357,"Генічеський район, Херсонська область, Україна",45.7565682;47.1059694;33.9620510;35.2780627,OpenStreetMap Nominatim
Скадовський_район,Скадовський район,air_raid,380,507.887,ok,"Скадовський район, Україна",46.2975708,32.2979329,relation,11874246,,administrative,0.47155967231028945,"Скадовський район, Херсонська область, Україна",46.0072256;46.5878295;31.5116838;33.6412746,OpenStreetMap Nominatim
Каховський_район,Каховський район,air_raid,380,507.861,ok,"Каховський район, Україна",46.8093053,33.7264917,relation,11874151,,administrative,0.4813050522592035,"Каховський район, Херсонська область, Україна",46.1411991;47.4772499;33.0976849;34.5300976,OpenStreetMap Nominatim
Вознесенський_район,Вознесенський район,air_raid,456,483.607,ok,"Вознесенський район, Україна",47.6387684,31.4898065,relation,1738971,,administrative,0.486796074939782,"Вознесенський район, Миколаївська область, Україна",47.1420226;48.1348427;30.7408757;32.2233590,OpenStreetMap Nominatim
Подільський_район,Подільський район,air_raid,442,465.168,ok,"Подільський район, Україна",47.7715473,29.8402598,relation,11886169,,administrative,0.5114510327794037,"Подільський район, Одеська область, Україна",47.2921482;48.2332855;28.8334151;30.4782167,OpenStreetMap Nominatim
Березівський_район,Березівський район,air_raid,440,463.882,ok,"Березівський район, Україна",47.2074444,30.6502496,relation,11885531,,administrative,0.5079573760085225,"Березівський район, Одеська область, Україна",46.7694210;47.6492321;29.8760887;31.3049776,OpenStreetMap Nominatim
Роздільнянський_район,Роздільнянський район,air_raid,439,463.064,ok,"Роздільнянський район, Україна",47.0718751,29.8684678,relation,11885532,,administrative,0.49905193562493105,"Роздільнянський район, Одеська область, Україна",46.6138458;47.5314051;29.4947466;30.4954578,OpenStreetMap Nominatim
Первомайський_район,Первомайський район,air_raid,427,460.302,ok,"Первомайський район, Україна",45.5784641,33.8072613,relation,1754559,,administrative,0.4529793612120576,"Первомайський район, Республіка Крим, Україна",45.3429603;45.8124144;33.5253109;34.1149660,OpenStreetMap Nominatim
Житомирський_район,Житомирський район,air_raid,273,419.899,ok,"Житомирський район, Україна",50.2478799,28.7751975,relation,11812881,,administrative,0.5384994298149522,"Житомирський район, Житомирська область, Україна",49.7266977;50.7694892;27.5462442;29.7352238,OpenStreetMap Nominatim
м_Кривий_Ріг_та_Криворізька_територіальна_громада,м. Кривий Ріг та Криворізька територіальна громада,air_raid,454,385.122,ok,"Кривий Ріг, Україна",47.9102734,33.3917703,relation,1821193,,city,0.6077800544938741,"Кривий Ріг, Криворізька міська громада, Криворізький район, Дніпропетровська область, 50000-50479, Україна",47.6503431;48.1954303;33.1393510;33.6001181,OpenStreetMap Nominatim
Вінницький_район,Вінницький район,air_raid,203,293.727,ok,"Вінницький район, Україна",49.2421465,28.8847960,relation,11914591,,administrative,0.5131303692570487,"Вінницький район, Вінницька область, Україна",48.8221212;49.6621380;27.8112832;29.7365532,OpenStreetMap Nominatim
Бердичівський_район,Бердичівський район,air_raid,198,290.038,ok,"Бердичівський район, Україна",49.8687337,28.4967909,relation,11952329,,administrative,0.48794775527748735,"Бердичівський район, Житомирська область, Україна",49.5836448;50.1534355;27.8738352;29.5134814,OpenStreetMap Nominatim
Гайсинський_район,Гайсинський район,air_raid,197,283.498,ok,"Гайсинський район, Україна",48.6069668,29.5472601,relation,11928916,,administrative,0.4991161420360984,"Гайсинський район, Вінницька область, Україна",48.0859162;49.1283831;28.8761007;30.0207736,OpenStreetMap Nominatim
Сарненський_район,Сарненський район,air_raid,176,276.278,ok,"Сарненський район, Україна",51.4107839,26.9703997,relation,11833150,,administrative,0.4838655379624687,"Сарненський район, Рівненська область, Україна",50.9910624;51.8303343;26.0814426;27.7346382,OpenStreetMap Nominatim
Звягельський_район,Звягельський район,air_raid,193,275.285,ok,"Звягельський район, Україна",50.6262055,27.7007816,relation,11952373,,administrative,0.4908506518712273,"Звягельський район, Житомирська область, Україна",50.1695949;51.0828007;27.1864173;28.2816083,OpenStreetMap Nominatim
Хмільницький_район,Хмільницький район,air_raid,191,264.152,ok,"Хмільницький район, Україна",49.6142436,28.3944358,relation,11914609,,administrative,0.48760437272133667,"Хмільницький район, Вінницька область, Україна",49.3375720;49.8890807;27.7349861;29.0100628,OpenStreetMap Nominatim
Тульчинський_район,Тульчинський район,air_raid,182,255.487,ok,"Тульчинський район, Україна",48.5007387,28.6465148,relation,11951843,,administrative,0.48321429049130216,"Тульчинський район, Вінницька область, Україна",48.0690033;48.9329897;28.2963462;29.1753073,OpenStreetMap Nominatim
Жмеринський_район,Жмеринський район,air_raid,176,230.374,ok,"Жмеринський район, Україна",48.9175452,27.8781458,relation,11951881,,administrative,0.48790969044982746,"Жмеринський район, Вінницька область, Україна",48.5730894;49.2619261;27.3815564;28.4709194,OpenStreetMap Nominatim
МогилівПодільський_район,МогилівПодільський район,air_raid,173,229.224,ok,"Могилів-Подільський район, Вінницька область, Україна",48.4946015,27.9034840,relation,11951882,,administrative,0.48067024404998787,"Могилів-Подільський район, Вінницька область, Україна",48.0654742;48.9229004;27.3716586;28.5908089,OpenStreetMap Nominatim
Хмельницький_район,Хмельницький район,air_raid,171,220.088,ok,"Хмельницький район, Україна",49.4325584,27.0041816,relation,11921572,,administrative,0.5451969935184676,"Хмельницький район, Хмельницька область, Україна",48.9085996;49.9563190;26.1423169;27.8983712,OpenStreetMap Nominatim
Шепетівський_район,Шепетівський район,air_raid,173,217.983,ok,"Шепетівський район, Україна",50.2300515,26.9170674,relation,11920243,,administrative,0.5126884786817714,"Шепетівський район, Хмельницька область, Україна",49.8653955;50.5947282;26.1327293;27.6821912,OpenStreetMap Nominatim
Вараський_район,Вараський район,air_raid,147,201.090,ok,"Вараський район, Україна",51.5674977,25.9495998,relation,11832213,,administrative,0.4516681956131193,"Вараський район, Рівненська область, Україна",51.1844753;51.9500660;25.5299224;26.4719565,OpenStreetMap Nominatim
Рівненський_район,Рівненський район,air_raid,150,199.176,ok,"Рівненський район, Україна",50.6891430,26.5621830,relation,11833149,,administrative,0.5143367741739235,"Рівненський район, Рівненська область, Україна",50.1721260;51.2059215;25.8097959;27.2753727,OpenStreetMap Nominatim
Арбузинська_територіальна_громада,Арбузинська територіальна громада,air_raid,216,194.508,ok,"Арбузинська, Україна",47.9235846,31.3565691,relation,11839577,,administrative,0.27236747457604304,"Арбузинська селищна громада, Первомайський район, Миколаївська область, Україна",47.7487515;48.0974866;31.2381411;31.4781279,OpenStreetMap Nominatim
КамянецьПодільський_район,Кам’янець-Подільський район,air_raid,145,187.438,ok,"Кам’янець-Подільський район, Україна",48.8135044,26.8341342,relation,11921664,,administrative,0.5168074664345499,"Кам’янець-Подільський район, Хмельницька область, Україна",48.4510834;49.1758473;26.1761257;27.4275478,OpenStreetMap Nominatim
Дубенський_район,Дубенський район,air_raid,112,133.480,ok,"Дубенський район, Україна",50.3644400,25.5663768,relation,11831110,,administrative,0.5071676442356138,"Дубенський район, Рівненська область, Україна",50.0040426;50.7248322;25.0841286;26.1301091,OpenStreetMap Nominatim
КаміньКаширський_район,КаміньКаширський район,air_raid,101,117.251,ok,"Камінь-Каширський район, Волинська область, Україна",51.5487281,25.1730185,relation,11921855,,administrative,0.4786403716328095,"Камінь-Каширський район, Волинська область, Україна",51.1287254;51.9692650;24.6389987;25.9491972,OpenStreetMap Nominatim
Дністровський_район,Дністровський район,air_raid,100,112.601,ok,"Дністровський район, Україна",48.4199457,26.5284293,relation,11905201,,administrative,0.4493085284326974,"Дністровський район, Чернівецька область, Україна",48.2098488;48.6299648;26.0556596;27.5342699,OpenStreetMap Nominatim
м_Миколаїв_та_Миколаївська_територіальна_громада,м. Миколаїв та Миколаївська територіальна громада,air_raid;artillery_shelling,69,107.220,ok,"Миколаїв, Україна",46.9758615,31.9939666,relation,11622860,,city,0.6297573339228288,"Миколаїв, Миколаївська міська громада, Миколаївський район, Миколаївська область, 54000, Україна",46.8182560;47.0475069;31.8804797;32.1351928,OpenStreetMap Nominatim
Чортківський_район,Чортківський район,air_raid,95,105.262,ok,"Чортківський район, Україна",48.9460274,25.6751286,relation,11919403,,administrative,0.5623732627108113,"Чортківський район, Тернопільська область, Україна",48.5074845;49.3845259;24.8564002;26.4436300,OpenStreetMap Nominatim
Кременецький_район,Кременецький район,air_raid,94,104.823,ok,"Кременецький район, Україна",49.9838572,25.7809942,relation,11918336,,administrative,0.5154713835095879,"Кременецький район, Тернопільська область, Україна",49.7005018;50.2668879;25.3466915;26.2742098,OpenStreetMap Nominatim
Тернопільський_район,Тернопільський район,air_raid,93,103.606,ok,"Тернопільський район, Україна",49.5343870,25.4427785,relation,11919556,,administrative,0.5682455004208452,"Тернопільський район, Тернопільська область, Україна",49.1311217;49.9380068;24.7161724;26.2724552,OpenStreetMap Nominatim
Луцький_район,Луцький район,air_raid,97,99.740,ok,"Луцький район, Україна",50.7597626,25.4104050,relation,11921831,,administrative,0.5179485722651209,"Луцький район, Волинська область, Україна",50.2872511;51.2321712;24.5402638;26.1072604,OpenStreetMap Nominatim
Ковельський_район,Ковельський район,air_raid,96,99.320,ok,"Ковельський район, Україна",51.3893977,24.2896333,relation,11921908,,administrative,0.5230627387107389,"Ковельський район, Волинська область, Україна",50.8618929;51.9168728;23.6053661;25.4416526,OpenStreetMap Nominatim
Чернівецький_район,Чернівецький район,air_raid,89,93.242,ok,"Чернівецький район, Україна",48.3009284,26.0578235,relation,11905202,,administrative,0.48341850186395274,"Чернівецький район, Чернівецька область, Україна",47.9261766;48.6757227;25.3260699;26.5239359,OpenStreetMap Nominatim
Золочівський_район,Золочівський район,air_raid,87,92.123,ok,"Золочівський район, Україна",49.9493387,24.9235532,relation,11923087,,administrative,0.5241445216664472,"Золочівський район, Львівська область, Україна",49.5988681;50.3005620;24.3496534;25.4270223,OpenStreetMap Nominatim
Вижницький_район,Вижницький район,air_raid,88,90.812,ok,"Вижницький район, Україна",48.0642168,25.1629793,relation,11905203,,administrative,0.4622255058623587,"Вижницький район, Чернівецька область, Україна",47.7250583;48.4033785;24.9084553;25.6663129,OpenStreetMap Nominatim
Львівський_район,Львівський район,air_raid,84,82.804,ok,"Львівський район, Україна",49.8191560,24.0479139,way,1025576768,,stadium,0.4560849611158452,"Стадіон ""Україна"", вулиця Липова Алея, Дністерська, Галицький район, Львів, Львівська міська громада, Львівська область, 79035, Україна",49.8179075;49.8205609;24.0461670;24.0496556,OpenStreetMap Nominatim
Оріхівська_територіальна_громада,Оріхівська територіальна громада,air_raid;artillery_shelling,60,80.656,ok,"Оріхівська, Україна",47.5173014,35.7046635,relation,12314936,,administrative,0.32221217881594816,"Оріхівська міська громада, Пологівський район, Запорізька область, Україна",47.4219849;47.6216118;35.5554103;35.8713806,OpenStreetMap Nominatim
Червоноградський_район,Червоноградський район,air_raid,84,80.314,ok,"Червоноградський район, Україна",50.3736564,24.2117266,relation,11923012,,administrative,0.48892975400351835,"Шептицький район, Львівська область, Україна",50.0984186;50.6489605;23.6737102;25.0601835,OpenStreetMap Nominatim
Калуський_район,Івано-Франківська область,air_raid,80,79.702,ok,"Івано-Франківська область, Україна",48.7481718,24.5207477,relation,72488,,administrative,0.6493238205992492,"Івано-Франківська область, Україна",47.7243679;49.5477701;23.5470764;25.6530995,OpenStreetMap Nominatim
Стрийський_район,Стрийський район,air_raid,83,76.994,ok,"Стрийський район, Україна",49.1884886,23.9776439,relation,11926090,,administrative,0.5341178270159678,"Стрийський район, Львівська область, Україна",48.7182803;49.6586665;23.0823486;24.4469699,OpenStreetMap Nominatim
Яворівський_район,Яворівський район,air_raid,77,75.300,ok,"Яворівський район, Україна",49.9116882,23.4968231,relation,11925828,,administrative,0.5195885951300004,"Яворівський район, Львівська область, Україна",49.6235744;50.1992949;22.8496209;23.9392288,OpenStreetMap Nominatim
Самбірський_район,Самбірський район,air_raid,78,73.678,ok,"Самбірський район, Україна",49.2956066,22.9313607,relation,11925970,,administrative,0.5339672307227727,"Самбірський район, Львівська область, Україна",48.8304758;49.7613082;22.6408214;23.6493909,OpenStreetMap Nominatim
Дрогобицький_район,Дрогобицький район,air_raid,78,73.464,ok,"Дрогобицький район, Україна",49.2874524,23.4157025,relation,11926073,,administrative,0.4957248214514477,"Дрогобицький район, Львівська область, Україна",49.0287751;49.5465146;23.1050021;23.8080990,OpenStreetMap Nominatim
ВолодимирВолинський_район,ВолодимирВолинський район,air_raid,80,72.338,ok,"Володимир-Волинський район, Волинська область, Україна",50.8780726,24.3467403,relation,1740806,,historic,0.3895399885548953,"Володимир-Волинський район, Волинська область, Україна",50.7023200;51.0533890;23.9145875;24.6323584,OpenStreetMap Nominatim
Хустський_район,Хустський район,air_raid,79,65.499,ok,"Хустський район, Україна",48.3691737,23.3201295,relation,11852433,,administrative,0.4970627747091265,"Хустський район, Закарпатська область, Україна",47.9678237;48.7707118;22.8509793;23.8647837,OpenStreetMap Nominatim
Тячівський_район,Тячівський район,air_raid,78,65.026,ok,"Тячівський район, Україна",48.2474081,23.8111468,relation,11841037,,administrative,0.4802435941101253,"Тячівський район, Закарпатська область, Україна",47.9316846;48.5629706;23.4387535;24.1817034,OpenStreetMap Nominatim
Ужгородський_район,Ужгородський район,air_raid,78,64.920,ok,"Ужгородський район, Україна",48.7257783,22.6098018,relation,11841375,,administrative,0.4971289601964626,"Ужгородський район, Закарпатська область, Україна",48.3542728;49.0973238;22.1370590;22.9190777,OpenStreetMap Nominatim
Рахівський_район,Рахівський район,air_raid,78,64.814,ok,"Рахівський район, Україна",48.1474060,24.2366795,relation,11841038,,administrative,0.4737228590799341,"Рахівський район, Закарпатська область, Україна",47.8968940;48.3984108;23.8921513;24.6274681,OpenStreetMap Nominatim
Мукачівський_район,Мукачівський район,air_raid,77,64.325,ok,"Мукачівський район, Україна",48.6028594,22.9252171,relation,11852023,,administrative,0.5010447982275292,"Мукачівський район, Закарпатська область, Україна",48.2809689;48.9247143;22.3618005;23.3173124,OpenStreetMap Nominatim
Берегівський_район,Берегівський район,air_raid,77,64.318,ok,"Берегівський район, Україна",48.1798175,22.8738730,relation,11848195,,administrative,0.48280394745620453,"Берегівський район, Закарпатська область, Україна",47.9540577;48.4060174;22.3126420;23.2715392,OpenStreetMap Nominatim
м_Южноукраїнськ_та_Южноукраїнська_територіальна_громада,м. Южноукраїнськ та Южноукраїнська територіальна громада,air_raid,33,43.101,ok,"Южноукраїнськ, Україна",47.8242690,31.1786814,relation,3585163,,administrative,0.4443177169163054,"Південноукраїнськ, Південноукраїнська міська громада, Вознесенський район, Миколаївська область, 55000, Україна",47.7867087;47.8918898;31.1609884;31.3122003,OpenStreetMap Nominatim
м_Васильків_та_Васильківська_територіальна_громада,м. Васильків та Васильківська територіальна громада,air_raid,23,33.638,ok,"Васильків, Україна",50.1781370,30.3175045,relation,4740389,,administrative,0.5132339116250914,"Васильків, Васильківська міська громада, Обухівський район, Київська область, 08600-08606, Україна",50.1388237;50.2359861;30.2816746;30.3946950,OpenStreetMap Nominatim
м_Біла_Церква_та_Білоцерківська_територіальна_громада,м. Біла Церква та Білоцерківська територіальна громада,air_raid,20,29.444,ok,"Біла Церква, Україна",49.7969703,30.1158069,relation,2069683,,administrative,0.5783074032166672,"Біла Церква, Білоцерківська міська громада, Білоцерківський район, Київська область, Україна",49.7568671;49.8543319;30.0209390;30.2224658,OpenStreetMap Nominatim
Добропільська_територіальна_громада,Добропільська територіальна громада,air_raid,14,28.039,ok,"Добропільська територіальна громада, Україна",48.4519962,37.1445485,relation,13285834,,administrative,0.43014693072468363,"Добропільська міська громада, Покровський район, Донецька область, Україна",48.3390830;48.5649777;36.9411246;37.2247150,OpenStreetMap Nominatim
Біленьківська_територіальна_громада,Біленьківська територіальна громада,artillery_shelling,31,23.691,ok,"Біленьківська, Україна",47.6425681,35.0071255,relation,12165759,,administrative,0.35782926338984733,"Біленьківська сільська громада, Запорізький район, Запорізька область, Україна",47.5047073;47.7827119;34.9057129;35.1643824,OpenStreetMap Nominatim
Великоновосілківська_територіальна_громада,Великоновосілківська територіальна громада,air_raid,26,22.401,ok,"Великоновосілківська територіальна громада, Україна",47.9150613,36.9504470,relation,13284948,,administrative,0.42846998332261194,"Великоновосілківська селищна громада, Волноваський район, Донецька область, Україна",47.7126273;48.1001861;36.5876500;37.1770585,OpenStreetMap Nominatim
Уманська_територіальна_громада,Уманська територіальна громада,air_raid,24,22.331,ok,"Уманська територіальна громада, Україна",47.1079780,37.5277719,way,275492769,,residential,0.053398552681773064,"Ладигіна вулиця, Паркове, Маріуполь, Центральний район, Маріупольська міська громада, Маріупольський район, Донецька область, 87537, Україна",47.1068588;47.1090972;37.5275973;37.5279465,OpenStreetMap Nominatim
м_Першотравенськ_та_Першотравенська_територіальна_громада,м. Першотравенськ та Першотравенська територіальна громада,air_raid,17,21.160,ok,"Першотравенськ, Україна",48.3505864,36.4022960,relation,3607918,,administrative,0.45502410982979663,"Шахтарське, Шахтарська міська громада, Синельниківський район, Дніпропетровська область, 52800, Україна",48.3325540;48.3603481;36.3827066;36.4256323,OpenStreetMap Nominatim
ІваноФранківський_район,Івано-Франківський район,air_raid,17,20.855,ok,"Івано-Франківський район, Україна",49.0336758,24.7516914,relation,11805641,,administrative,0.5158452600767384,"Івано-Франківський район, Івано-Франківська область, Україна",48.5196602;49.5477701;24.0955871;25.3257810,OpenStreetMap Nominatim
м_Полтава_та_Полтавська_територіальна_громада,м. Полтава та Полтавська територіальна громада,air_raid,19,20.036,ok,"м. Полтава та Полтавська територіальна громада, Україна",50.2288351,32.1111080,way,1053594652,,trunk,0.053383334859235486,"М-03, Яготинська міська громада, Бориспільський район, Київська область, 19810, Україна",50.2286037;50.2290389;32.1035034;32.1187119,OpenStreetMap Nominatim
Косівський_район,Косівський район,air_raid,16,19.760,ok,"Косівський район, Україна",48.3088262,24.9864628,relation,11806248,,administrative,0.47386456241861913,"Косівський район, Івано-Франківська область, Україна",48.1599071;48.4577394;24.7064468;25.3077123,OpenStreetMap Nominatim
Коломийський_район,Коломийський район,air_raid,12,19.698,ok,"Коломийський район, Україна",48.6150911,25.1861214,relation,11806207,,administrative,0.5084600776727741,"Коломийський район, Івано-Франківська область, Україна",48.3590775;48.8721054;24.7110657;25.6530995,OpenStreetMap Nominatim
м_Старокостянтинів_та_Старокостянтинівська_територіальна_громада,м. Старокостянтинів та Старокостянтинівська територіальна громада,air_raid,21,19.549,ok,"Старокостянтинів, Україна",49.7561630,27.2087889,relation,3353648,,administrative,0.4974917895685216,"Старокостянтинів, Старокостянтинівська міська громада, Хмельницький район, Хмельницька область, Україна",49.7223197;49.7783966;27.1372756;27.2955014,OpenStreetMap Nominatim
Надвірнянський_район,Надвірнянський район,air_raid,14,19.352,ok,"Надвірнянський район, Україна",48.4371696,24.4385373,relation,11806259,,administrative,0.4815992033722637,"Надвірнянський район, Івано-Франківська область, Україна",48.1178850;48.7564901;24.1146162;24.8238689,OpenStreetMap Nominatim
Верховинський_район,Верховинський район,air_raid,15,19.030,ok,"Верховинський район, Україна",48.0011714,24.7426724,relation,1741638,,administrative,0.46861072583074226,"Верховинський район, Івано-Франківська область, Україна",47.7243679;48.2776251;24.5543966;25.0837361,OpenStreetMap Nominatim
м_Лубни_та_Лубенська_територіальна_громада,м. Лубни та Лубенська територіальна громада,air_raid,19,19.011,ok,"Лубни, Україна",50.0118206,33.0030821,relation,18281343,,town,0.5207288037753699,"Лубни, Лубенська міська громада, Лубенський район, Полтавська область, 37500-37509, Україна",49.9739335;50.0582082;32.9365075;33.0517620,OpenStreetMap Nominatim
Макарівська_територіальна_громада,Макарівська територіальна громада,air_raid,8,18.155,ok,"Макарівська, Україна",50.6057700,29.6356200,relation,4673194,,administrative,0.35699141996923245,"Макарівська Буда, Макарівська селищна громада, Бучанський район, Київська область, Україна",50.5993516;50.6124804;29.6259016;29.6481398,OpenStreetMap Nominatim
Первомайська_територіальна_громада,Первомайська територіальна громада,air_raid,23,17.946,ok,"Первомайська територіальна громада, Україна",48.4725938,37.0761148,way,172995097,,secondary,0.05339029907682914,"Первомайська вулиця, Добропілля, Добропільська міська громада, Покровський район, Донецька область, 85001, Україна",48.4660765;48.4790359;37.0736771;37.0783243,OpenStreetMap Nominatim
м_Краматорськ_та_Краматорська_територіальна_громада,м. Краматорськ та Краматорська територіальна громада,air_raid,16,17.707,ok,"Краматорськ, Україна",48.7389415,37.5843812,relation,3936275,,city,0.5694952943834666,"Краматорськ, Краматорська міська громада, Краматорський район, Донецька область, 84300-84390, Україна",48.6707305;48.7838371;37.4569748;37.6383462,OpenStreetMap Nominatim
Бахмутська_територіальна_громада,Бахмутська територіальна громада,air_raid,27,16.980,ok,"Бахмутська територіальна громада, Україна",47.1204838,37.5299105,way,674127890,,tertiary,0.053398552681773064,"Бахмутська вулиця, 20А мікрорайон, Маріуполь, Центральний район, Маріупольська міська громада, Маріупольський район, Донецька область, 87547, Україна",47.1201548;47.1208140;37.5287225;37.5310989,OpenStreetMap Nominatim
м_Кременчук_та_Кременчуцька_територіальна_громада,м. Кременчук та Кременчуцька територіальна громада,air_raid,16,13.798,ok,"Кременчук, Україна",49.0928529,33.4308188,relation,2320579,,administrative,0.5840608638652798,"Кременчук, Кременчуцький район, Полтавська область, 39600-39689, Україна",48.9965557;49.1889873;33.3732288;33.5111075,OpenStreetMap Nominatim
м_Чугуїв_та_Чугуївська_територіальна_громада,м. Чугуїв та Чугуївська територіальна громада,air_raid;artillery_shelling,3,11.436,ok,"Чугуїв, Україна",49.8366260,36.6899391,relation,2563766,,administrative,0.5479941674563139,"Чугуїв, Чугуївська міська громада, Чугуївський район, Харківська область, Україна",49.8126539;49.8567989;36.6412152;36.7153700,OpenStreetMap Nominatim
Курахівська_територіальна_громада,Курахівська територіальна громада,air_raid,14,10.905,ok,"Курахівська територіальна громада, Україна",48.0731274,37.3817978,way,330830660,,hotel,5.335545891503803e-05,"Профілакторій ""Україна"", С051136, Лісівка, Мар'їнська міська громада, Покровський район, Донецька область, 85488, Україна",48.0722937;48.0739799;37.3797270;37.3843282,OpenStreetMap Nominatim
НовоградВолинський_район,Новоград-Волинський район,air_raid,5,10.747,ok,"Новоград-Волинський район, Україна",50.6262055,27.7007816,relation,11952373,,administrative,0.4908506518712273,"Звягельський район, Житомирська область, Україна",50.1695949;51.0828007;27.1864173;28.2816083,OpenStreetMap Nominatim
м_Пирятин_та_Пирятинська_територіальна_громада,м. Пирятин та Пирятинська територіальна громада,air_raid,4,10.106,ok,"Пирятин, Україна",50.2363032,32.5010494,relation,18328894,,town,0.48671857134003244,"Пирятин, Пирятинська міська громада, Лубенський район, Полтавська область, 37000-37004, Україна",50.2157765;50.2610910;32.4591692;32.5352799,OpenStreetMap Nominatim
Липецька_територіальна_громада,Липецька територіальна громада,artillery_shelling,2,10.086,ok,"Липецька, Україна",48.3395650,23.3546200,relation,13712259,,administrative,0.40238599906523964,"Липецька Поляна, Довжанська сільська громада, Хустський район, Закарпатська область, 90425, Україна",48.3100065;48.3496066;23.3507367;23.3736072,OpenStreetMap Nominatim
м_Суми_та_Сумська_територіальна_громада,м. Суми та Сумська територіальна громада,air_raid,10,9.111,ok,"Суми, Україна",50.9119775,34.8027723,relation,3678531,,city,0.5978645172306453,"Суми, Сумська міська громада, Сумський район, Сумська область, Україна",50.8368504;50.9637950;34.6910575;34.9180782,OpenStreetMap Nominatim
Лиманська_територіальна_громада,Лиманська територіальна громада,air_raid,20,9.098,ok,"Лиманська територіальна громада, Україна",48.9562856,37.8329232,way,385084332,,residential,0.0533890646219577,"Лиманська вулиця, Лиман, Лиманська міська громада, Краматорський район, Донецька область, 84404, Україна",48.9557232;48.9571953;37.8309469;37.8347864,OpenStreetMap Nominatim
м_Ватутіне_та_Ватутінська_територіальна_громада,м. Ватутіне та Ватутінська територіальна громада,air_raid,4,9.086,ok,"Ватутіне, Україна",49.0172494,31.0618502,relation,3747915,,administrative,0.45356092873116677,"Багачеве, Багачевська міська громада, Звенигородський район, Черкаська область, 20250, Україна",48.9876686;49.0348910;31.0246498;31.1127183,OpenStreetMap Nominatim
Вугледарська_територіальна_громада,Вугледарська територіальна громада,air_raid,9,8.837,ok,"Вугледарська територіальна громада, Україна",47.7775680,37.1987496,relation,13284398,,administrative,0.42780606201167765,"Вугледарська міська громада, Волноваський район, Донецька область, Україна",47.6220851;47.9333464;37.0383362;37.6086966,OpenStreetMap Nominatim
м_Черкаси_та_Черкаська_територіальна_громада,м. Черкаси та Черкаська територіальна громада,air_raid,10,8.245,ok,"Черкаси, Україна",49.1460165,31.2271744,relation,91278,,administrative,0.6403132053806465,"Черкаська область, Україна",48.4519816;50.2286322;29.6060329;32.8961836,OpenStreetMap Nominatim
м_Словянськ_та_Словянська_територіальна_громада,м. Слов'янськ та Слов'янська територіальна громада,air_raid,8,7.846,ok,"Слов'янськ, Україна",48.8522691,37.6058241,relation,3940400,,city,0.567898426087967,"Слов’янськ, Слов'янська міська громада, Краматорський район, Донецька область, 84100-84129, Україна",48.8056676;48.8955154;37.5088959;37.7192716,OpenStreetMap Nominatim
м_Бориспіль_та_Бориспільська_територіальна_громада,м. Бориспіль та Бориспільська територіальна громада,air_raid,6,7.662,ok,"Бориспіль, Україна",50.3512101,30.9507700,relation,1934961,,administrative,0.5261710527461642,"Бориспіль, Бориспільська міська громада, Бориспільський район, Київська область, Україна",50.3179493;50.4135951;30.8988547;31.0076319,OpenStreetMap Nominatim
Дергачівська_територіальна_громада,Дергачівська територіальна громада,artillery_shelling,7,7.636,ok,"Дергачівська, Україна",50.2274382,36.2380450,relation,12079093,,administrative,0.33399297642662173,"Дергачівська міська громада, Харківський район, Харківська область, Україна",50.0488796;50.4064123;35.9846082;36.3976745,OpenStreetMap Nominatim
м_Бровари_та_Броварська_територіальна_громада,м. Бровари та Броварська територіальна громада,air_raid,6,7.544,ok,"Бровари, Україна",50.5111168,30.7900482,relation,1929810,,administrative,0.5386399674958041,"Бровари, Броварська міська громада, Броварський район, Київська область, 07400, Україна",50.4823077;50.5370872;30.7376052;30.8648736,OpenStreetMap Nominatim
Циркунівська_територіальна_громада,Циркунівська територіальна громада,air_raid;artillery_shelling,4,7.244,ok,"Циркунівська, Україна",50.1060169,36.4588403,relation,12079096,,administrative,0.31017616620231897,"Циркунівська сільська громада, Харківський район, Харківська область, Україна",50.0527910;50.1590312;36.2876595;36.5665984,OpenStreetMap Nominatim
м_Фастів_та_Фастівська_територіальна_громада,м. Фастів та Фастівська територіальна громада,air_raid,5,6.809,ok,"Фастів, Україна",50.0799307,29.9162821,relation,2533207,,town,0.5119277148736227,"Фастів, Фастівська міська громада, Фастівський район, Київська область, Україна",50.0404009;50.1082642;29.8439500;29.9849223,OpenStreetMap Nominatim
Миронівська_територіальна_громада,Миронівська територіальна громада,air_raid,5,6.792,ok,"Миронівська територіальна громада, Україна",50.0632647,31.3451350,way,227021934,,residential,0.05337333409628439,"Миронівська вулиця, Стовп’яги, Дівичківська сільська громада, Бориспільський район, Київська область, 08436, Україна",50.0632302;50.0632993;31.3434447;31.3468252,OpenStreetMap Nominatim
Торецька_територіальна_громада,Торецька територіальна громада,air_raid,14,6.566,ok,"Торецька територіальна громада, Україна",48.3349460,37.3304056,way,204405973,,residential,0.05338838254367891,"Торецька вулиця, Новоекономічне, Гродівська селищна громада, Покровський район, Донецька область, 85342, Україна",48.3272888;48.3420439;37.3239242;37.3362261,OpenStreetMap Nominatim
Авдіївська_територіальна_громада,Авдіївська територіальна громада,air_raid;artillery_shelling,13,6.348,ok,"Авдіївська, Україна",48.1438599,37.7449820,relation,13308855,,administrative,0.43014693072468363,"Авдіївська міська громада, Покровський район, Донецька область, Україна",48.0920907;48.1805275;37.6852875;37.8078926,OpenStreetMap Nominatim
Святогірська_територіальна_громада,Святогірська територіальна громада,air_raid,10,6.182,ok,"Святогірська, Україна",48.9669208,37.4632834,relation,13631396,,administrative,0.42780606201167765,"Святогірська міська громада, Краматорський район, Донецька область, Україна",48.8719140;49.0618144;37.2946250;37.6970164,OpenStreetMap Nominatim
м_Первомайськ_та_Первомайська_територіальна_громада,м. Первомайськ та Первомайська територіальна громада,air_raid,6,6.073,ok,"Первомайськ, Україна",48.0457450,30.8475997,relation,2318311,,town,0.4815572625868757,"Первомайськ, Первомайська міська громада, Первомайський район, Миколаївська область, 55200, Україна",47.9776067;48.0939833;30.7812611;30.9083886,OpenStreetMap Nominatim
м_Миргород_та_Миргородська_територіальна_громада,м. Миргород та Миргородська територіальна громада,air_raid,8,6.060,ok,"Миргород, Україна",49.9658333,33.6113889,relation,18281346,,town,0.49850362457647096,"Миргород, Миргородська міська громада, Миргородський район, Полтавська область, 37600, Україна",49.9151624;49.9985444;33.5537072;33.6646411,OpenStreetMap Nominatim
м_Баштанка_та_Баштанська_територіальна_громада,м. Баштанка та Баштанська територіальна громада,air_raid,4,5.506,ok,"Баштанка, Україна",47.4033486,32.4388921,relation,18281345,,town,0.4779790681261021,"Баштанка, Баштанська міська громада, Баштанський район, Миколаївська область, 56101, Україна",47.3842880;47.4265435;32.4052111;32.4755186,OpenStreetMap Nominatim
Преображенська_територіальна_громада,Преображенська територіальна громада,artillery_shelling,5,5.396,ok,"Преображенська територіальна громада, Україна",47.1176925,37.6467819,way,422828290,,residential,0.053398552681773064,"Преображенська вулиця, 3 дільниця, Маріуполь, Лівобережний район, Маріупольська міська громада, Маріупольський район, Донецька область, 87545, Україна",47.1165505;47.1188357;37.6466155;37.6469404,OpenStreetMap Nominatim
м_Шостка_та_Шосткинська_територіальна_громада,м. Шостка та Шосткинська територіальна громада,air_raid,2,5.292,ok,"Шостка, Україна",51.8643550,33.4728542,relation,2776723,,town,0.49015530018728204,"Шостка, Шосткинська міська громада, Шосткинський район, Сумська область, 41100, Україна",51.8335061;51.9195960;33.4169877;33.5484022,OpenStreetMap Nominatim
Бородянська_територіальна_громада,Бородянська територіальна громада,air_raid,2,4.428,ok,"Бородянська, Україна",50.6741393,29.8829013,relation,12496545,,administrative,0.37694663196902717,"Бородянська селищна громада, Бучанський район, Київська область, Україна",50.5538219;50.7945430;29.6410140;30.0610847,OpenStreetMap Nominatim
Марїнська_територіальна_громада,Мар'їнська територіальна громада,air_raid,3,4.396,ok,"Мар'їнська територіальна громада, Україна",48.0731274,37.3817978,way,330830660,,hotel,5.335545891503803e-05,"Профілакторій ""Україна"", С051136, Лісівка, Мар'їнська міська громада, Покровський район, Донецька область, 85488, Україна",48.0722937;48.0739799;37.3797270;37.3843282,OpenStreetMap Nominatim
Узинська_територіальна_громада,Узинська територіальна громада,air_raid,3,4.085,ok,"Узинська, Україна",49.8615202,30.4283578,relation,12724708,,administrative,0.3618648643770844,"Узинська міська громада, Білоцерківський район, Київська область, Україна",49.7312242;49.9921153;30.2367058;30.5874851,OpenStreetMap Nominatim
Жашківська_територіальна_громада,Жашківська територіальна громада,air_raid,3,3.441,ok,"Жашківська, Україна",49.1517648,30.0281628,relation,12220122,,administrative,0.3453315576369598,"Жашківська міська громада, Уманський район, Черкаська область, Україна",48.9689583;49.3349767;29.8205849;30.3040139,OpenStreetMap Nominatim
м_Дніпро_та_Дніпровська_територіальна_громада,м. Дніпро та Дніпровська територіальна громада,air_raid,5,3.136,ok,"Дніпро, Україна",48.4680221,35.0417711,relation,1017311,,city,0.656021262640693,"Дніпро, Дніпровська міська громада, Дніпровський район, Дніпропетровська область, 49000, Україна",48.3558547;48.5763901;34.7489459;35.2421952,OpenStreetMap Nominatim
м_Очаків_та_Очаківська_територіальна_громада,м. Очаків та Очаківська територіальна громада,air_raid,3,3.036,ok,"Очаків, Україна",46.6145957,31.5452994,relation,3132597,,town,0.5290166575433596,"Очаків, Очаківська міська громада, Миколаївський район, Миколаївська область, 57500, Україна",46.5999230;46.6442199;31.5021692;31.5899115,OpenStreetMap Nominatim
м_Обухів_та_Обухівська_територіальна_громада,м. Обухів та Обухівська територіальна громада,air_raid,3,3.023,ok,"Обухів, Україна",50.1101633,30.6269696,relation,2190496,,town,0.47334347766189616,"Обухів, Обухівська міська громада, Обухівський район, Київська область, Україна",50.0804194;50.1616146;30.5879748;30.7062614,OpenStreetMap Nominatim
Костянтинівська_територіальна_громада,Костянтинівська територіальна громада,air_raid,5,2.911,ok,"Костянтинівська територіальна громада, Україна",47.8600776,37.3948188,relation,3933352,,historic,0.19938740066310082,"Костянтинівська сільська рада, Костянтинівка, Мар'їнська міська громада, Покровський район, Донецька область, 85653, Україна",47.8059878;47.9149096;37.3533310;37.4568877,OpenStreetMap Nominatim
Широківська_територіальна_громада,Широківська територіальна громада,air_raid,2,2.559,ok,"Широківська, Україна",48.8749983,39.7477201,relation,13640265,,administrative,0.35323154899007886,"Широківська сільська громада, Щастинський район, Луганська область, Україна",48.7458347;49.0041842;39.4939136;40.0798362,OpenStreetMap Nominatim
Радомишльська_територіальна_громада,Радомишльська територіальна громада,air_raid,1,2.495,ok,"Радомишльська територіальна громада, Україна",50.5057911,29.2437918,relation,7707618,,administrative,0.2861574737770128,"Радомишльська міська громада, Житомирський район, Житомирська область, Україна",50.3190425;50.6920745;28.9767427;29.5108425,OpenStreetMap Nominatim
Дружківська_територіальна_громада,Дружківська територіальна громада,air_raid,5,2.319,ok,"Дружківська, Україна",48.5618350,37.4931046,relation,13631377,,administrative,0.4283755485057516,"Дружківська міська громада, Краматорський район, Донецька область, Україна",48.4667537;48.6647802;37.3271785;37.6693159,OpenStreetMap Nominatim
Єланецька_територіальна_громада,Єланецька територіальна громада,air_raid,2,2.247,ok,"Єланецька, Україна",47.6732152,31.8873090,relation,11821400,,administrative,0.2753675655596695,"Єланецька селищна громада, Вознесенський район, Миколаївська область, Україна",47.5327620;47.8173152;31.5751653;32.2233590,OpenStreetMap Nominatim
Братська_територіальна_громада,Братська територіальна громада,air_raid,1,2.240,ok,"Братська територіальна громада, Україна",50.7542154,29.5990461,node,8208596285,,memorial,0.3508056963223209,"Братська могила жителів села Раска, С-100512, Раска, Пісківська селищна громада, Бучанський район, Київська область, 07800, Україна",50.7541654;50.7542654;29.5989961;29.5990961,OpenStreetMap Nominatim
Бузька_територіальна_громада,Бузька територіальна громада,air_raid,1,2.237,ok,"Бузька, Україна",50.1047440,24.3452815,relation,4245558,,administrative,0.5243849343761399,"Кам’янка-Бузька, Кам'янка-Бузька міська громада, Львівська область, 80400, Україна",50.0708391;50.1219869;24.3240138;24.3795819,OpenStreetMap Nominatim
Веселинівська_територіальна_громада,Веселинівська територіальна громада,air_raid,1,2.235,ok,"Веселинівська територіальна громада, Україна",50.2360621,31.2596569,relation,14549840,,historic,0.22274623325780465,"Веселинівська сільська рада, Веселинівка, Баришівська селищна громада, Броварський район, Київська область, 07560, Україна",50.1888521;50.2848954;31.1854219;31.3434607,OpenStreetMap Nominatim
Прибузька_територіальна_громада,Прибузька територіальна громада,air_raid,1,2.216,ok,"Прибузька, Україна",47.7336960,31.1455085,relation,11831722,,administrative,0.27236747457604304,"Прибузька сільська громада, Вознесенський район, Миколаївська область, Україна",47.5742958;47.8924305;30.9833958;31.2710381,OpenStreetMap Nominatim
Прибужанівська_територіальна_громада,Прибужанівська територіальна громада,air_raid,1,2.205,ok,"Прибужанівська, Україна",47.4668643,31.2441767,relation,11832158,,administrative,0.27438272693865795,"Прибужанівська сільська громада, Вознесенський район, Миколаївська область, Україна",47.3686394;47.5650726;31.0503306;31.5222480,OpenStreetMap Nominatim
Олександрівська_територіальна_громада,Олександрівська територіальна громада,air_raid,1,2.204,ok,"Олександрівська територіальна громада, Україна",47.1363470,37.5041481,way,690537025,,service,0.040065219348439755,"Олександрівська вулиця, Іллічівець, Маріуполь, Центральний район, Маріупольська міська громада, Маріупольський район, Донецька область, 87512, Україна",47.1359658;47.1367281;37.5013429;37.5069532,OpenStreetMap Nominatim
Березнегуватська_територіальна_громада,Березнегуватська територіальна громада,air_raid,1,2.196,ok,"Березнегуватська, Україна",47.3496329,32.9026979,relation,11844029,,administrative,0.30289193994832775,"Березнегуватська селищна громада, Баштанський район, Миколаївська область, Україна",47.1390947;47.5604603;32.6237743;33.1836885,OpenStreetMap Nominatim
Доманівська_територіальна_громада,Доманівська територіальна громада,air_raid,1,2.187,ok,"Доманівська, Україна",47.7044491,30.9344930,relation,11832014,,administrative,0.27236747457604304,"Доманівська селищна громада, Вознесенський район, Миколаївська область, Україна",47.5328457;47.8755026;30.7408757;31.1261508,OpenStreetMap Nominatim
Дорошівська_територіальна_громада,Дорошівська територіальна громада,air_raid,1,2.185,ok,"Дорошівська, Україна",47.4816047,31.5883447,relation,11834991,,administrative,0.27236747457604304,"Дорошівська сільська громада, Вознесенський район, Миколаївська область, Україна",47.3796416;47.5836525;31.4253485;31.8014793,OpenStreetMap Nominatim
Новобузька_територіальна_громада,Новобузька територіальна громада,air_raid,1,2.185,ok,"Новобузька, Україна",47.7024440,32.5678849,relation,11843778,,administrative,0.27236747457604304,"Новобузька міська громада, Баштанський район, Миколаївська область, Україна",47.5913458;47.8133921;32.3454880;32.7683232,OpenStreetMap Nominatim
Мостівська_територіальна_громада,Мостівська територіальна громада,air_raid,1,2.181,ok,"Мостівська, Україна",47.4774132,30.9821322,relation,11825909,,administrative,0.27236747457604304,"Мостівська сільська громада, Вознесенський район, Миколаївська область, Україна",47.3590065;47.5965344;30.8478441;31.2824520,OpenStreetMap Nominatim
Новомарївська_територіальна_громада,Новомар'ївська територіальна громада,air_raid,1,2.179,ok,"Новомар'ївська, Україна",48.0295254,31.5660441,relation,11822584,,administrative,0.2733828520337679,"Новомар'ївська сільська громада, Вознесенський район, Миколаївська область, Україна",47.9240939;48.1348427;31.3978286;31.7830732,OpenStreetMap Nominatim
Вільнозапорізька_територіальна_громада,Вільнозапорізька територіальна громада,air_raid,1,2.171,ok,"Вільнозапорізька, Україна",47.5647661,32.6293057,relation,11843779,,administrative,0.2733828520337679,"Вільнозапорізька сільська громада, Баштанський район, Миколаївська область, Україна",47.4367731;47.6931074;32.3743648;32.8307009,OpenStreetMap Nominatim
Володимирівська_територіальна_громада,Володимирівська територіальна громада,air_raid,1,2.166,ok,"Володимирівська територіальна громада, Україна",47.7351155,37.3696757,relation,3943357,,historic,0.04539457909600718,"Володимирівська селищна рада, Володимирівка, Ольгинська селищна громада, Волноваський район, Донецька область, Україна",47.6915587;47.7792183;37.3270855;37.4219685,OpenStreetMap Nominatim
Горохівська_територіальна_громада,Горохівська територіальна громада,air_raid,1,2.163,ok,"Горохівська, Україна",50.5352590,24.7680849,relation,12212073,,administrative,0.3678453393566702,"Горохівська міська громада, Луцький район, Волинська область, Україна",50.3895372;50.6808219;24.5402638;25.0302867,OpenStreetMap Nominatim
Інгульська_територіальна_громада,Інгульська територіальна громада,air_raid,1,2.161,ok,"Інгульська, Україна",47.2296467,32.3422267,relation,11848781,,administrative,0.27236747457604304,"Інгульська сільська громада, Баштанський район, Миколаївська область, Україна",47.1335223;47.3248830;32.0872431;32.5891298,OpenStreetMap Nominatim
Казанківська_територіальна_громада,Казанківська територіальна громада,air_raid,1,2.159,ok,"Казанківська, Україна",47.8161294,32.8421531,relation,11844027,,administrative,0.29960026554141705,"Казанківська селищна громада, Баштанський район, Миколаївська область, Україна",47.5837575;48.0484699;32.6237597;33.0861701,OpenStreetMap Nominatim
Березанська_територіальна_громада,Березанська територіальна громада,air_raid,1,2.157,ok,"Березанська територіальна громада, Україна",50.3239806,31.5095262,way,834246532,,industrial,0.08005462653543904,"НК Альянс Ойл Україна, 37, Березань, Березанська міська громада, Броварський район, Київська область, 07541, Україна",50.3228425;50.3250422;31.5073825;31.5113829,OpenStreetMap Nominatim
Привільненська_територіальна_громада,Привільненська територіальна громада,air_raid,1,2.155,ok,"Привільненська територіальна громада, Україна",47.3878505,37.5111238,relation,3943313,,historic,0.09078915819201436,"Привільненська сільська рада, Привільне, Хлібодарівська сільська громада, Волноваський район, Донецька область, 85784, Україна",47.3622966;47.4134730;37.4751494;37.5396172,OpenStreetMap Nominatim
Софіївська_територіальна_громада,Софіївська територіальна громада,air_raid,1,2.152,ok,"Софіївська територіальна громада, Україна",48.4575842,37.1016339,way,173630614,,residential,0.05339029907682914,"Софіївська вулиця, Добропілля, Добропільська міська громада, Покровський район, Донецька область, 85003, Україна",48.4549313;48.4602394;37.1012661;37.1019945,OpenStreetMap Nominatim
м_Снігурівка_та_Снігурівська_територіальна_громада,м. Снігурівка та Снігурівська територіальна громада,air_raid,1,2.151,ok,"Снігурівка, Україна",47.0707210,32.7924643,relation,3465040,,administrative,0.45934507089358295,"Снігурівка, Снігурівська міська громада, Баштанський район, Миколаївська область, 57309, Україна",47.0410099;47.0930353;32.7725259;32.8427806,OpenStreetMap Nominatim
Воскресенська_територіальна_громада,Воскресенська територіальна громада,air_raid,1,2.139,ok,"Воскресенська територіальна громада, Україна",47.0839750,37.7156213,way,338612006,,residential,0.053383334859235486,"Воскресенська вулиця, Приморське, Маріуполь, Маріупольська міська громада, Маріупольський район, Донецька область, 87642, Україна",47.0832458;47.0848649;37.7141683;37.7171092,OpenStreetMap Nominatim
Веснянська_територіальна_громада,Веснянська територіальна громада,air_raid,1,2.132,ok,"Веснянська, Україна",46.9810832,31.8374748,relation,11864307,,administrative,0.2753675655596695,"Веснянська сільська громада, Миколаївський район, Миколаївська область, Україна",46.8453377;47.1169443;31.6244826;31.9444942,OpenStreetMap Nominatim
м_НоваОдеса_та_Новоодеська_територіальна_громада,м. Нова-Одеса та Новоодеська територіальна громада,air_raid,1,2.132,ok,"Нова-Одеса, Україна",47.3109960,31.7739735,relation,8769133,,town,0.45589899638849074,"Нова Одеса, Новоодеська міська громада, Миколаївський район, Миколаївська область, 56600, Україна",47.2566310;47.3313258;31.7452680;31.8080797,OpenStreetMap Nominatim
Галицинівська_територіальна_громада,Галицинівська територіальна громада,air_raid,1,2.128,ok,"Галицинівська, Україна",46.7765355,32.0525507,relation,11857926,,administrative,0.27236747457604304,"Галицинівська сільська громада, Миколаївський район, Миколаївська область, Україна",46.6528850;46.8986979;31.8873170;32.2186855,OpenStreetMap Nominatim
Мигіївська_територіальна_громада,Мигіївська територіальна громада,air_raid,1,2.127,ok,"Мигіївська, Україна",48.0549357,31.0173235,relation,11839576,,administrative,0.27438272693865795,"Мигіївська сільська громада, Первомайський район, Миколаївська область, Україна",47.8774575;48.2322044;30.8690564;31.2233112,OpenStreetMap Nominatim
Врадіївська_територіальна_громада,Врадіївська територіальна громада,air_raid,1,2.124,ok,"Врадіївська, Україна",47.7641351,30.5909355,relation,11837198,,administrative,0.2782362227145218,"Врадіївська селищна громада, Первомайський район, Миколаївська область, Україна",47.6008092;47.9275498;30.3886295;30.7919533,OpenStreetMap Nominatim
Камяномостівська_територіальна_громада,Кам'яномостівська територіальна громада,air_raid,1,2.124,ok,"Кам'яномостівська, Україна",47.9103462,30.8241921,relation,11837423,,administrative,0.2753675655596695,"Кам'яномостівська сільська громада, Первомайський район, Миколаївська область, Україна",47.8185467;48.0020229;30.5939202;31.0489505,OpenStreetMap Nominatim
Степівська_територіальна_громада,Степівська територіальна громада,air_raid,1,2.116,ok,"Степівська, Україна",47.1543068,31.5711614,relation,11864325,,administrative,0.27438272693865795,"Степівська сільська громада, Миколаївський район, Миколаївська область, Україна",47.0053542;47.3019819;31.2730665;31.7768567,OpenStreetMap Nominatim
Синюхинобрідська_територіальна_громада,Синюхинобрідська територіальна громада,air_raid,1,2.115,ok,"Синюхинобрідська, Україна",48.1305969,30.8179344,relation,11839199,,administrative,0.27438272693865795,"Синюхинобрідська сільська громада, Первомайський район, Миколаївська область, Україна",48.0316766;48.2295271;30.5034730;31.0524336,OpenStreetMap Nominatim
Коблівська_територіальна_громада,Коблівська територіальна громада,air_raid,1,2.107,ok,"Коблівська, Україна",46.7301796,31.2753395,relation,11864881,,administrative,0.2861574737770128,"Коблівська сільська громада, Миколаївський район, Миколаївська область, Україна",46.6004193;46.8614927;31.1369140;31.4214915,OpenStreetMap Nominatim
Куцурубська_територіальна_громада,Куцурубська територіальна громада,air_raid,1,2.104,ok,"Куцурубська, Україна",46.6940289,31.7523399,relation,11860715,,administrative,0.27438272693865795,"Куцурубська сільська громада, Миколаївський район, Миколаївська область, Україна",46.6093579;46.7802218;31.5648735;31.9367407,OpenStreetMap Nominatim
МішковоПогорілівська_територіальна_громада,Мішково-Погорілівська територіальна громада,air_raid,1,2.096,ok,"Мішково-Погорілівська, Україна",47.0607093,32.0822991,relation,11859820,,administrative,0.27236747457604304,"Мішково-Погорілівська сільська громада, Миколаївський район, Миколаївська область, Україна",46.9740668;47.1484636;31.9650108;32.1781637,OpenStreetMap Nominatim
Благодатненська_територіальна_громада,Благодатненська територіальна громада,air_raid,1,2.092,ok,"Благодатненська територіальна громада, Україна",47.6891115,37.4187747,relation,3943353,,historic,0.04539457909600718,"Благодатненська селищна рада, Благодатне, Ольгинська селищна громада, Волноваський район, Донецька область, 85725, Україна",47.6280149;47.7487706;37.3864624;37.4935055,OpenStreetMap Nominatim
Сквирська_територіальна_громада,Сквирська територіальна громада,air_raid,2,1.942,ok,"Сквирська, Україна",49.7237803,29.6283891,relation,12568090,,administrative,0.3514206354333152,"Сквирська міська громада, Білоцерківський район, Київська область, Україна",49.5403584;49.9062667;29.4351659;29.8913956,OpenStreetMap Nominatim
м_Охтирка_та_Охтирська_територіальна_громада,м. Охтирка та Охтирська територіальна громада,air_raid,2,1.776,ok,"Охтирка, Україна",50.3115386,34.8868923,relation,3589658,,town,0.5241226221396941,"Охтирка, Охтирська міська громада, Охтирський район, Сумська область, 42700, Україна",50.2715270;50.3541802;34.8507689;34.9667729,OpenStreetMap Nominatim
м_Коростень_та_Коростенська_територіальна_громада,м. Коростень та Коростенська територіальна громада,air_raid,1,1.608,ok,"Коростень, Україна",50.9491068,28.6417552,relation,2296668,,town,0.5244503485991363,"Коростень, Коростенська міська громада, Коростенський район, Житомирська область, Україна",50.9127091;51.0085512;28.5547398;28.6988831,OpenStreetMap Nominatim
Соледарська_територіальна_громада,Соледарська територіальна громада,air_raid,1,1.592,ok,"Соледарська, Україна",48.7077498,38.0581545,relation,13630352,,administrative,0.43586834351610493,"Соледарська міська громада, Бахмутський район, Донецька область, Україна",48.5727082;48.8427742;37.8013372;38.3251351,OpenStreetMap Nominatim
м_Рівне_та_Рівненська_територіальна_громада,м. Рівне та Рівненська територіальна громада,air_raid,2,1.549,ok,"Рівне, Україна",50.6196175,26.2513165,relation,448930,,city,0.6069134316173106,"Рівне, Рівненська міська громада, Рівненський район, Рівненська область, Україна",50.5693221;50.6523081;26.1475993;26.3409096,OpenStreetMap Nominatim
Вишгородська_територіальна_громада,Вишгородська територіальна громада,air_raid,1,1.487,ok,"Вишгородська, Україна",50.5153124,30.4498658,way,499023243,,secondary,0.35699141996923245,"Вишгородська вулиця, Вишгородський масив, Пріорка, Оболонський район, Київ, 04114, Україна",50.5145914;50.5160341;30.4497841;30.4499522,OpenStreetMap Nominatim
м_Переяслав_та_Переяславська_територіальна_громада,м. Переяслав та Переяславська територіальна громада,air_raid,1,1.317,ok,"Переяслав, Україна",50.0643984,31.4447327,relation,3586906,,town,0.5402348396259286,"Переяслав, Переяславська міська громада, Бориспільський район, Київська область, 08400-08403, Україна",50.0291371;50.1000741;31.3962650;31.5020084,OpenStreetMap Nominatim
Українська_територіальна_громада,Українська територіальна громада,air_raid,1,1.316,ok,"Українська територіальна громада, Україна",49.3986163,23.5479681,node,3090549315,,neighbourhood,0.08005000152590216,"Українська Сторона, Рихтичі, Дрогобицька міська громада, Дрогобицький район, Львівська область, 82151, Україна",49.3886163;49.4086163;23.5379681;23.5579681,OpenStreetMap Nominatim
Очеретинська_територіальна_громада,Очеретинська територіальна громада,air_raid,1,1.243,ok,"Очеретинська територіальна громада, Україна",48.2430758,37.6132172,way,583223413,,townhall,5.127565423051831e-05,"Очеретинська селищна військово-цивільна адміністрація, 12, Першотравнева вулиця, Очеретине, Очеретинська селищна громада, Покровський район, Донецька область, 86020, Україна",48.2429991;48.2431523;37.6130988;37.6133356,OpenStreetMap Nominatim
Золочівська_територіальна_громада,Золочівська територіальна громада,artillery_shelling,1,1.201,ok,"Золочівська, Україна",49.8253404,24.8642631,relation,12229121,,administrative,0.40527272285133664,"Золочівська міська громада, Золочівський район, Львівська область, Україна",49.7037279;49.9463984;24.5897162;25.1528208,OpenStreetMap Nominatim
Смілянська_територіальна_громада,Смілянська територіальна громада,air_raid,2,1.186,ok,"Смілянська територіальна громада, Україна",50.5941297,31.8651056,way,385423742,,residential,0.053383334859235486,"Смілянська вулиця, Чорнобильський куток, Середівка, Згурівська селищна громада, Броварський район, Київська область, 07610, Україна",50.5928544;50.5953743;31.8645148;31.8656461,OpenStreetMap Nominatim
м_Мелітополь_та_Мелітопольська_територіальна_громада,м. Мелітополь та Мелітопольська територіальна громада,air_raid,2,1.042,ok,"Мелітополь, Україна",46.8467267,35.3827281,relation,2318317,,city,0.5686462596570123,"Мелітополь, Мелітопольська міська громада, Мелітопольський район, Запорізька область, 72300-72324, Україна",46.7908855;46.8901502;35.2929685;35.4336895,OpenStreetMap Nominatim
Гостомелська_територіальна_громада,Гостомелська територіальна громада,air_raid,1,1.025,ok,"Гостомелська, Україна",50.5880808,30.2397368,relation,12470388,,administrative,0.38798267658459484,"Гостомельська селищна громада, Бучанський район, Київська область, Україна",50.5327405;50.6435349;30.1783168;30.3415751,OpenStreetMap Nominatim
м_Конотоп_та_Конотопська_територіальна_громада,м. Конотоп та Конотопська територіальна громада,air_raid,2,0.936,ok,"Конотоп, Україна",51.2397495,33.2066750,relation,2822403,,town,0.5283013536013547,"Конотоп, Конотопська міська громада, Конотопський район, Сумська область, 41600-41615, Україна",51.1974386;51.2743154;33.1353694;33.2765597,OpenStreetMap Nominatim
м_Славутич_та_Славутицька_територіальна_громада,м. Славутич та Славутицька територіальна громада,air_raid,1,0.730,ok,"Славутич, Україна",51.5201397,30.7562301,relation,2403390,,town,0.4864076364692148,"Славутич, Славутицька міська громада, Вишгородський район, Київська область, 07101, Україна",51.5091097;51.5531668;30.5857462;30.7893080,OpenStreetMap Nominatim
Цебриківська_територіальна_громада,Цебриківська територіальна громада,air_raid,1,0.685,ok,"Цебриківська, Україна",47.2078018,30.0820239,relation,13639795,,administrative,0.3623846332493779,"Цебриківська селищна громада, Роздільнянський район, Одеська область, Україна",47.0880659;47.3274919;29.9333419;30.1736209,OpenStreetMap Nominatim
м_Сарни_та_Сарненська_територіальна_громада,м. Сарни та Сарненська територіальна громада,air_raid,1,0.643,ok,"Сарни, Україна",51.3350028,26.6171275,relation,2313443,,town,0.4948059991981721,"Сарни, Сарненська міська громада, Сарненський район, Рівненська область, Україна",51.2945618;51.3591434;26.5713051;26.6446423,OpenStreetMap Nominatim
м_Ізюм_та_Ізюмська_територіальна_громада,м. Ізюм та Ізюмська територіальна громада,air_raid,1,0.517,ok,"Ізюм, Україна",49.1913202,37.2784093,relation,11179426,,administrative,0.5618705715036016,"Ізюм, Ізюмська міська громада, Ізюмський район, Харківська область, Україна",49.1465819;49.2612789;37.2237569;37.3373356,OpenStreetMap Nominatim
Волноваська_територіальна_громада,Волноваська територіальна громада,air_raid,1,0.367,ok,"Волноваська територіальна громада, Україна",47.6021227,37.4531453,relation,13284431,,administrative,0.42703896060132607,"Волноваська міська громада, Волноваський район, Донецька область, Україна",47.4874063;47.7169104;37.2450579;37.8165308,OpenStreetMap Nominatim
м_Покров_та_Покровська_територіальна_громада,м. Покров та Покровська територіальна громада,air_raid,1,0.348,ok,"Покров, Україна",47.6546589,34.1149341,relation,2033405,,town,0.4696756360281119,"Покров, Покровська міська громада, Нікопольський район, Дніпропетровська область, 53300-53390, Україна",47.6194785;47.6865545;34.0338959;34.1365107,OpenStreetMap Nominatim
Херсон,Херсон,air_raid,1,0.302,ok,"Херсон, Україна",46.5421715,33.4079326,relation,71022,,administrative,0.6328729671557304,"Херсонська область, Україна",45.7565682;47.6001940;31.1590964;35.4680391,OpenStreetMap Nominatim
Черкаська_територіальна_громада,Черкаська територіальна громада,air_raid,1,0.257,ok,"Черкаська територіальна громада, Україна",50.5915244,31.8592991,way,205606929,,residential,0.053383334859235486,"Черкаська вулиця, Чорнобильський куток, Середівка, Згурівська селищна громада, Броварський район, Київська область, 07610, Україна",50.5888135;50.5942536;31.8580932;31.8605334,OpenStreetMap Nominatim
м_Павлоград_та_Павлоградська_територіальна_громада,м. Павлоград та Павлоградська територіальна громада,air_raid,1,0.254,ok,"Павлоград, Україна",48.5316759,35.8703695,relation,1746879,,city,0.5224139800356353,"Павлоград, Павлоградська міська громада, Павлоградський район, Дніпропетровська область, 51400-51429, Україна",48.4750335;48.5857654;35.7766646;35.9742405,OpenStreetMap Nominatim
м_Синельникове_та_Синельниківська_територіальна_громада,м. Синельникове та Синельниківська територіальна громада,air_raid,1,0.253,ok,"Синельникове, Україна",48.3269304,35.5246984,relation,3099567,,town,0.4808401287993237,"Синельникове, Синельниківська міська громада, Синельниківський район, Дніпропетровська область, 52500-52507, Україна",48.2896476;48.3398361;35.4627012;35.5534283,OpenStreetMap Nominatim
Гребінківська_територіальна_громада,Гребінківська територіальна громада,air_raid,1,0.193,ok,"Гребінківська, Україна",49.9776258,30.2557970,relation,12716878,,administrative,0.35352855872429106,"Гребінківська селищна громада, Білоцерківський район, Київська область, Україна",49.8830356;50.0721182;30.0908500;30.3842702,OpenStreetMap Nominatim
Дубровицька_територіальна_громада,Дубровицька територіальна громада,air_raid,1,0.184,ok,"Дубровицька, Україна",51.5950859,26.6345777,relation,12106279,,administrative,0.35557074529832616,"Дубровицька міська громада, Сарненський район, Рівненська область, Україна",51.4180890;51.7708102;26.1682444;27.0656964,OpenStreetMap Nominatim
Пісочинська_територіальна_громада,Пісочинська територіальна громада,artillery_shelling,1,0.138,ok,"Пісочинська, Україна",49.9353991,36.0564808,relation,10665469,,administrative,0.31017616620231897,"Пісочинська селищна громада, Харківський район, Харківська область, Україна",49.8894553;49.9814349;35.9770998;36.1351379,OpenStreetMap Nominatim
м_Житомир_та_Житомирська_територіальна_громада,м. Житомир та Житомирська територіальна громада,air_raid,1,0.119,ok,"Житомир, Україна",50.9080532,28.3867504,relation,71245,,administrative,0.6579311124975138,"Житомирська область, Україна",49.5836448;51.6811359;27.1864173;29.7352238,OpenStreetMap Nominatim
Сіверська_територіальна_громада,Сіверська територіальна громада,air_raid,1,0.116,ok,"Сіверська, Україна",52.0042590,33.2779899,relation,2696086,,administrative,0.5194711232883782,"Новгород-Сіверський, Новгород-Сіверська міська громада, Новгород-Сіверський район, Чернігівська область, 16000, Україна",51.9827543;52.0505912;33.2216568;33.3282490,OpenStreetMap Nominatim
Олешківська_територіальна_громада,Олешківська територіальна громада,air_raid,3,0.108,ok,"Олешківська, Україна",46.5989354,32.8793614,relation,12324508,,administrative,0.37878580059237354,"Олешківська міська громада, Херсонський район, Херсонська область, Україна",46.4307099;46.7674884;32.6223137;33.1823973,OpenStreetMap Nominatim
м_Маріуполь_та_Маріупольська_територіальна_громада,м. Маріуполь та Маріупольська територіальна громада,air_raid,1,0.078,ok,"Маріуполь, Україна",47.0957648,37.5499621,relation,1748539,,administrative,0.6214715143289853,"Маріуполь, Центральний район, Маріупольська міська громада, Маріупольський район, Донецька область, 87500-87590, Україна",47.0276125;47.2294948;37.4655309;37.7554739,OpenStreetMap Nominatim
